date,Open,High,Low,Close,Volume,Ticker
2024-05-14,895.99,916.51,889.34,913.56,29650708,NVDA
2024-05-15,924.72,948.62,915.99,946.3,41773545,NVDA
2024-05-16,949.1,958.1899,941.03,943.59,32395182,NVDA
2024-05-17,943.69,947.4,918.06,924.79,35969103,NVDA
2024-05-20,937.5,952.0,934.4,947.8,31876446,NVDA
2024-05-21,935.99,954.0,931.8,953.86,32894646,NVDA
2024-05-22,954.59,960.2,932.49,949.5,54864799,NVDA
2024-05-23,1020.28,1063.2,1015.2,1037.99,83506528,NVDA
2024-05-24,1044.49,1064.75,1030.0,1064.69,42949367,NVDA
2024-05-28,1102.44,1149.39,1098.83,1139.01,65272789,NVDA
2024-05-29,1130.5,1154.92,1109.01,1148.25,55744193,NVDA
2024-05-30,1146.5,1158.1915,1096.63,1105.0,48735033,NVDA
2024-05-31,1125.2,1127.17,1069.4,1096.33,61326250,NVDA
2024-06-03,1136.21,1150.0,1120.03,1150.0,43839176,NVDA
2024-06-04,1157.16,1166.0,1140.45,1164.37,40332401,NVDA
2024-06-05,1183.71,1224.495,1174.68,1224.4,52840178,NVDA
2024-06-06,1240.48,1255.87,1183.2,1209.98,66469619,NVDA
2024-06-07,1197.7,1216.9171,1180.22,1208.88,41238580,NVDA
2024-06-10,120.37,123.1,117.01,121.79,308134791,NVDA
2024-06-11,121.77,122.87,118.74,120.91,222551158,NVDA
2024-06-12,123.06,126.88,122.57,125.2,299595001,NVDA
2024-06-13,129.39,129.8,127.16,129.61,260704537,NVDA
2024-06-14,129.96,132.84,128.32,131.88,309320376,NVDA
2024-06-17,132.99,133.73,129.58,130.98,288504444,NVDA
2024-06-18,131.14,136.33,130.69,135.58,294335054,NVDA
2024-06-20,139.8,140.76,129.52,130.78,517768425,NVDA
2024-06-21,127.12,130.63,124.3,126.57,655484664,NVDA
2024-06-24,123.24,124.46,118.04,118.11,476060866,NVDA
2024-06-25,121.2,126.5,119.32,126.09,425787456,NVDA
2024-06-26,126.13,128.12,122.6,126.4,362975918,NVDA
2024-06-27,124.1,126.41,122.92,123.99,252571693,NVDA
2024-06-28,124.58,127.71,122.75,123.54,315516740,NVDA
2024-07-01,123.47,124.84,118.83,124.3,284885534,NVDA
2024-07-02,121.13,123.41,121.03,122.67,218373969,NVDA
2024-07-03,121.66,128.28,121.36,128.28,215748955,NVDA
2024-07-05,127.38,128.85,125.68,125.83,214176689,NVDA
2024-07-08,127.49,130.77,127.04,128.2,237677322,NVDA
2024-07-09,130.35,133.82,128.65,131.38,287020820,NVDA
2024-07-10,134.03,135.1,132.42,134.91,248978569,NVDA
2024-07-11,135.75,136.15,127.05,127.4,374782738,NVDA
2024-07-12,128.26,131.92,127.22,129.24,252680535,NVDA
2024-07-15,130.56,131.39,127.18,128.44,208326164,NVDA
2024-07-16,128.44,129.04,124.58,126.36,214769515,NVDA
2024-07-17,121.35,121.85,116.72,117.99,390086189,NVDA
2024-07-18,121.85,122.4,116.56,121.09,320979530,NVDA
2024-07-19,120.35,121.6,117.37,117.93,217223800,NVDA
2024-07-22,120.35,124.07,119.86,123.54,258068943,NVDA
2024-07-23,122.78,124.69,122.1,122.59,173910983,NVDA
2024-07-24,119.17,119.95,113.44,114.25,327776884,NVDA
2024-07-25,113.04,116.63,106.3,112.28,460067019,NVDA
2024-07-26,116.19,116.2,111.58,113.06,293399073,NVDA
2024-07-29,113.69,116.28,111.3,111.59,248152068,NVDA
2024-07-30,111.52,111.99,102.54,103.73,486833274,NVDA
2024-07-31,112.9,118.34,110.88,117.02,473174182,NVDA
2024-08-01,117.53,120.16,106.8104,109.21,523462326,NVDA
2024-08-02,103.76,108.72,101.37,107.27,482027464,NVDA
2024-08-05,92.06,103.41,90.69,100.45,552842375,NVDA
2024-08-06,103.84,107.71,100.55,104.25,409012089,NVDA
2024-08-07,107.81,108.8,98.69,98.91,411440423,NVDA
2024-08-08,102.0,105.5,97.52,104.97,391910023,NVDA
2024-08-09,105.64,106.6,103.43,104.75,290844157,NVDA
2024-08-12,106.32,111.07,106.26,109.02,325559870,NVDA
2024-08-13,112.44,116.23,111.58,116.14,312646660,NVDA
2024-08-14,118.53,118.6,114.07,118.08,339246407,NVDA
2024-08-15,118.76,123.24,117.47,122.86,318086673,NVDA
2024-08-16,121.94,125.0,121.18,124.58,302589872,NVDA
2024-08-19,124.28,130.0,123.42,130.0,318333577,NVDA
2024-08-20,128.4,129.88,125.89,127.25,300087415,NVDA
2024-08-21,127.315,129.35,126.66,128.5,257883572,NVDA
2024-08-22,130.02,130.75,123.1,123.74,376189076,NVDA
2024-08-23,125.86,129.6,125.22,129.37,323230332,NVDA
2024-08-26,129.57,131.26,124.37,126.46,331964672,NVDA
2024-08-27,125.05,129.2,123.88,128.3,303134573,NVDA
2024-08-28,128.12,128.33,122.64,125.61,448101115,NVDA
2024-08-29,121.355,124.43,116.71,117.59,453023305,NVDA
2024-08-30,119.53,121.75,117.22,119.37,333751583,NVDA
2024-09-03,116.01,116.21,107.29,108.0,477155100,NVDA
2024-09-04,105.41,113.27,104.12,106.21,368378810,NVDA
2024-09-05,104.985,109.65,104.76,107.21,306850696,NVDA
2024-09-06,108.04,108.15,100.95,102.83,413638098,NVDA
2024-09-09,104.88,106.55,103.69,106.47,273912015,NVDA
2024-09-10,107.81,109.4,104.95,108.1,268283736,NVDA
2024-09-11,109.39,117.19,107.42,116.91,441422370,NVDA
2024-09-12,116.84,120.79,115.38,119.14,367100496,NVDA
2024-09-13,119.08,119.955,117.6,119.1,238358328,NVDA
2024-09-16,116.79,118.18,114.36,116.78,248772308,NVDA
2024-09-17,118.17,118.8,114.83,115.59,231925876,NVDA
2024-09-18,115.89,117.7,113.22,113.37,310318937,NVDA
2024-09-19,117.35,119.66,117.25,117.87,293506438,NVDA
2024-09-20,117.06,118.6181,115.3901,116.0,382462428,NVDA
2024-09-23,116.55,116.99,114.86,116.26,206228490,NVDA
2024-09-24,116.515,121.8,115.38,120.87,354966772,NVDA
2024-09-25,122.02,124.94,121.61,123.51,284692948,NVDA
2024-09-26,126.8,127.665,121.8,124.04,302582868,NVDA
2024-09-27,123.97,124.03,119.26,121.4,271009175,NVDA
2024-09-30,118.31,121.5,118.15,121.44,227053651,NVDA
2024-10-01,121.765,122.4351,115.79,117.0,302094485,NVDA
2024-10-02,116.44,119.38,115.14,118.85,221845887,NVDA
2024-10-03,120.92,124.36,120.3401,122.85,277117973,NVDA
2024-10-04,124.94,125.04,121.83,124.92,244465552,NVDA
2024-05-14,174.4959,179.49,174.07,177.55,86407422,TSLA
2024-05-15,179.9,180.0,173.11,173.99,79662993,TSLA
2024-05-16,174.1,175.79,171.43,174.84,59812220,TSLA
2024-05-17,173.55,179.63,172.75,177.46,77445845,TSLA
2024-05-20,177.56,177.754,173.52,174.95,61727425,TSLA
2024-05-21,175.51,186.875,174.71,186.6,115266512,TSLA
2024-05-22,182.85,183.8,178.12,180.11,88313477,TSLA
2024-05-23,181.8,181.9,173.26,173.74,71975496,TSLA
2024-05-24,174.835,180.08,173.73,179.24,65584478,TSLA
2024-05-28,176.4,178.25,173.16,176.75,59736620,TSLA
2024-05-29,174.19,178.15,173.93,176.19,54782649,TSLA
2024-05-30,178.575,182.67,175.38,178.79,77784755,TSLA
2024-05-31,178.5,180.32,173.82,178.08,67314602,TSLA
2024-06-03,178.13,182.6389,174.49,176.29,68568920,TSLA
2024-06-04,174.775,177.755,174.0,174.77,60056340,TSLA
2024-06-05,175.35,176.15,172.13,175.0,57953756,TSLA
2024-06-06,174.6,179.73,172.73,177.94,69887024,TSLA
2024-06-07,176.13,179.35,175.58,177.48,56244932,TSLA
2024-06-10,176.06,178.57,173.17,173.79,50869682,TSLA
2024-06-11,173.92,174.75,167.41,170.66,64761928,TSLA
2024-06-12,171.12,180.55,169.8,177.29,90389446,TSLA
2024-06-13,188.39,191.08,181.23,182.47,118984122,TSLA
2024-06-14,185.8,186.0,176.92,178.01,82038194,TSLA
2024-06-17,177.92,188.81,177.0,187.44,109786083,TSLA
2024-06-18,186.56,187.2,182.37,184.86,68982265,TSLA
2024-06-20,184.68,185.21,179.66,181.57,55893139,TSLA
2024-06-21,182.3,183.95,180.69,183.01,63029482,TSLA
2024-06-24,184.97,188.8,182.55,182.58,61992070,TSLA
2024-06-25,184.4,187.97,182.01,187.35,63678265,TSLA
2024-06-26,186.54,197.755,186.36,196.37,95737066,TSLA
2024-06-27,195.17,198.72,194.05,197.42,72746521,TSLA
2024-06-28,199.55,203.2,195.26,197.88,95438068,TSLA
2024-07-01,201.02,213.23,200.85,209.86,135691395,TSLA
2024-07-02,218.89,231.3,218.06,231.26,205047920,TSLA
2024-07-03,234.56,248.35,234.25,246.39,166561471,TSLA
2024-07-05,249.81,252.37,242.4601,251.52,154501152,TSLA
2024-07-08,247.71,259.439,244.57,252.94,157219580,TSLA
2024-07-09,251.0,265.61,250.3,262.33,160742516,TSLA
2024-07-10,262.8,267.59,257.86,263.26,128519430,TSLA
2024-07-11,263.3,271.0,239.65,241.03,221707273,TSLA
2024-07-12,235.8,251.84,233.0912,248.23,155955773,TSLA
2024-07-15,255.97,265.6,251.73,252.64,146912920,TSLA
2024-07-16,255.31,258.62,245.8001,256.56,126332470,TSLA
2024-07-17,252.73,258.47,246.182,248.5,115584810,TSLA
2024-07-18,251.09,257.14,247.2,249.23,110869037,TSLA
2024-07-19,247.79,249.44,236.83,239.2,87403903,TSLA
2024-07-22,244.21,253.21,243.75,251.51,101225430,TSLA
2024-07-23,253.6,255.7594,245.63,246.38,111928192,TSLA
2024-07-24,225.42,225.99,214.71,215.99,167942939,TSLA
2024-07-25,216.8,226.0,216.231,220.25,100636466,TSLA
2024-07-26,221.19,222.2799,215.33,219.8,94604145,TSLA
2024-07-29,224.9,234.27,224.7,232.1,129201789,TSLA
2024-07-30,232.25,232.41,220.0,222.62,100560334,TSLA
2024-07-31,227.9,234.68,226.7875,232.07,67497011,TSLA
2024-08-01,227.69,231.867,214.3328,216.86,83861898,TSLA
2024-08-02,214.88,216.13,205.78,207.67,82880120,TSLA
2024-08-05,185.22,203.8799,182.0,198.88,100308836,TSLA
2024-08-06,200.75,202.9,192.67,200.64,73783942,TSLA
2024-08-07,200.77,203.49,191.48,191.76,71159778,TSLA
2024-08-08,195.7,200.7,192.04,198.84,65033874,TSLA
2024-08-09,197.05,200.88,195.11,200.0,58648274,TSLA
2024-08-12,199.02,199.26,194.67,197.49,64044903,TSLA
2024-08-13,198.47,208.49,197.06,207.83,76247387,TSLA
2024-08-14,207.39,208.44,198.75,201.38,70250014,TSLA
2024-08-15,205.02,215.88,204.82,214.14,89848530,TSLA
2024-08-16,211.15,219.8,210.8,216.12,88765122,TSLA
2024-08-19,217.07,222.98,214.09,222.72,76435222,TSLA
2024-08-20,224.88,228.22,219.56,221.1,74001182,TSLA
2024-08-21,222.67,224.6594,218.86,223.27,70145964,TSLA
2024-08-22,223.82,224.8,210.32,210.66,79514482,TSLA
2024-08-23,214.455,221.48,214.21,220.32,81525207,TSLA
2024-08-26,218.75,219.09,211.01,213.21,59301187,TSLA
2024-08-27,213.25,215.66,206.94,209.21,62821390,TSLA
2024-08-28,209.72,211.84,202.59,205.75,64116350,TSLA
2024-08-29,209.8,214.89,205.97,206.28,62308818,TSLA
2024-08-30,208.63,214.5701,207.03,214.11,63370608,TSLA
2024-09-03,215.26,219.9043,209.64,210.6,76714222,TSLA
2024-09-04,210.59,222.22,210.57,219.41,80217329,TSLA
2024-09-05,223.49,235.0,222.25,230.17,119355013,TSLA
2024-09-06,232.6,233.6,210.51,210.73,112177004,TSLA
2024-09-09,216.2,219.87,213.67,216.27,67443518,TSLA
2024-09-10,220.07,226.4,218.6377,226.17,78891136,TSLA
2024-09-11,224.55,228.47,216.8003,228.13,83548633,TSLA
2024-09-12,224.66,231.45,223.83,229.81,72020042,TSLA
2024-09-13,228.0,232.67,226.32,230.29,59515114,TSLA
2024-09-16,229.3,229.96,223.53,226.78,54322995,TSLA
2024-09-17,229.45,234.57,226.5533,227.87,66761636,TSLA
2024-09-18,230.09,235.68,226.88,227.2,78010204,TSLA
2024-09-19,234.0,244.24,232.13,243.92,102694576,TSLA
2024-09-20,241.52,243.99,235.92,238.25,99879070,TSLA
2024-09-23,242.61,250.0,241.92,250.0,86927194,TSLA
2024-09-24,254.08,257.19,249.0501,254.27,88490999,TSLA
2024-09-25,252.54,257.05,252.28,257.02,65034318,TSLA
2024-09-26,260.6,261.75,251.53,254.22,67142193,TSLA
2024-09-27,257.375,260.6999,254.12,260.46,70988067,TSLA
2024-09-30,259.04,264.86,255.77,261.63,80873381,TSLA
2024-10-01,262.67,263.98,248.53,258.02,87397613,TSLA
2024-10-02,247.55,251.1585,241.5,249.02,93983930,TSLA
2024-10-03,244.48,249.79,237.81,240.66,80729240,TSLA
2024-10-04,246.69,250.96,244.58,250.08,86297528,TSLA
2024-05-14,187.51,188.3,186.29,187.43,52393619,AAPL
2024-05-15,187.91,190.65,187.37,189.72,70399988,AAPL
2024-05-16,190.47,191.095,189.6601,189.84,52845230,AAPL
2024-05-17,189.51,190.81,189.18,189.87,41282925,AAPL
2024-05-20,189.325,191.9199,189.01,191.04,44361275,AAPL
2024-05-21,191.09,192.73,190.9201,192.35,42309401,AAPL
2024-05-22,192.265,192.8231,190.27,190.9,34648547,AAPL
2024-05-23,190.98,191.0,186.625,186.88,51005924,AAPL
2024-05-24,188.82,190.58,188.0404,189.98,36326975,AAPL
2024-05-28,191.51,193.0,189.1,189.99,52280051,AAPL
2024-05-29,189.61,192.247,189.51,190.29,53068016,AAPL
2024-05-30,190.76,192.18,190.63,191.29,49947941,AAPL
2024-05-31,191.44,192.57,189.91,192.25,75158277,AAPL
2024-06-03,192.9,194.99,192.52,194.03,50080539,AAPL
2024-06-04,194.635,195.32,193.0342,194.35,47471445,AAPL
2024-06-05,195.4,196.9,194.87,195.87,54156785,AAPL
2024-06-06,195.685,196.5,194.17,194.48,41181753,AAPL
2024-06-07,194.65,196.94,194.14,196.89,53103912,AAPL
2024-06-10,196.9,197.3,192.15,193.12,97262077,AAPL
2024-06-11,193.65,207.16,193.63,207.15,172373296,AAPL
2024-06-12,207.37,220.2,206.9,213.07,198134293,AAPL
2024-06-13,214.74,216.75,211.6,214.24,97862729,AAPL
2024-06-14,213.85,215.17,211.3,212.49,70122748,AAPL
2024-06-17,213.37,218.95,212.72,216.67,93728300,AAPL
2024-06-18,217.59,218.63,213.0,214.29,79943254,AAPL
2024-06-20,213.93,214.24,208.85,209.68,86172451,AAPL
2024-06-21,210.39,211.89,207.11,207.49,246421353,AAPL
2024-06-24,207.72,212.7,206.59,208.14,80727006,AAPL
2024-06-25,209.15,211.38,208.61,209.07,56713868,AAPL
2024-06-26,211.5,214.86,210.64,213.25,66213186,AAPL
2024-06-27,214.69,215.7395,212.35,214.1,49772707,AAPL
2024-06-28,215.77,216.07,210.3,210.62,82542718,AAPL
2024-07-01,212.09,217.51,211.92,216.75,60402929,AAPL
2024-07-02,216.15,220.38,215.1,220.27,58046178,AAPL
2024-07-03,220.0,221.55,219.03,221.55,37369801,AAPL
2024-07-05,221.65,226.45,221.65,226.34,60412408,AAPL
2024-07-08,227.09,227.85,223.25,227.82,59085861,AAPL
2024-07-09,227.93,229.4,226.3721,228.68,48169822,AAPL
2024-07-10,229.3,233.08,229.25,232.98,62627687,AAPL
2024-07-11,231.39,232.39,225.77,227.57,64710617,AAPL
2024-07-12,228.92,232.64,228.68,230.54,53046527,AAPL
2024-07-15,236.48,237.23,233.09,234.4,62631252,AAPL
2024-07-16,235.0,236.27,232.33,234.82,43234278,AAPL
2024-07-17,229.45,231.4599,226.64,228.88,57345884,AAPL
2024-07-18,230.28,230.44,222.27,224.18,66034585,AAPL
2024-07-19,224.82,226.8,223.275,224.31,49151453,AAPL
2024-07-22,227.01,227.78,223.09,223.96,48201835,AAPL
2024-07-23,224.365,226.94,222.68,225.01,39960260,AAPL
2024-07-24,224.0,224.8,217.13,218.54,61777576,AAPL
2024-07-25,218.93,220.85,214.62,217.49,51391199,AAPL
2024-07-26,218.7,219.49,216.01,217.96,41601345,AAPL
2024-07-29,216.96,219.3,215.75,218.24,36311778,AAPL
2024-07-30,219.19,220.325,216.12,218.8,41643840,AAPL
2024-07-31,221.44,223.82,220.63,222.08,50036262,AAPL
2024-08-01,224.37,224.48,217.02,218.36,62500996,AAPL
2024-08-02,219.15,225.6,217.71,219.86,105568560,AAPL
2024-08-05,199.09,213.5,196.0,209.27,119548589,AAPL
2024-08-06,205.3,209.99,201.07,207.23,69660488,AAPL
2024-08-07,206.9,213.64,206.39,209.82,63516417,AAPL
2024-08-08,213.11,214.2,208.83,213.31,47161149,AAPL
2024-08-09,212.1,216.78,211.97,216.24,42201646,AAPL
2024-08-12,216.07,219.5099,215.6,217.53,38028092,AAPL
2024-08-13,219.01,221.89,219.01,221.27,44155331,AAPL
2024-08-14,220.57,223.03,219.7,221.72,41960574,AAPL
2024-08-15,224.6,225.35,222.76,224.72,46414013,AAPL
2024-08-16,223.92,226.8271,223.6501,226.05,44340240,AAPL
2024-08-19,225.72,225.99,223.04,225.89,40687813,AAPL
2024-08-20,225.77,227.17,225.45,226.51,30299033,AAPL
2024-08-21,226.52,227.98,225.05,226.4,34765480,AAPL
2024-08-22,227.79,228.34,223.9,224.53,43695321,AAPL
2024-08-23,225.6589,228.22,224.33,226.84,38677250,AAPL
2024-08-26,226.76,227.28,223.8905,227.18,30602208,AAPL
2024-08-27,225.995,228.85,224.89,228.03,35934559,AAPL
2024-08-28,227.92,229.86,225.68,226.49,38052167,AAPL
2024-08-29,230.1,232.92,228.88,229.79,51906297,AAPL
2024-08-30,230.19,230.4,227.48,229.0,52990770,AAPL
2024-09-03,228.55,229.0,221.17,222.77,50190574,AAPL
2024-09-04,221.66,221.78,217.48,220.85,43262758,AAPL
2024-09-05,221.625,225.48,221.52,222.38,36615398,AAPL
2024-09-06,223.95,225.24,219.77,220.82,48423011,AAPL
2024-09-09,220.82,221.27,216.71,220.91,67179965,AAPL
2024-09-10,218.92,221.48,216.73,220.11,51591033,AAPL
2024-09-11,221.455,223.09,217.89,222.66,44587072,AAPL
2024-09-12,222.5,223.55,219.82,222.77,37498225,AAPL
2024-09-13,223.58,224.04,221.91,222.5,36766619,AAPL
2024-09-16,216.54,217.22,213.92,216.32,59357427,AAPL
2024-09-17,215.75,216.9,214.5,216.79,45519339,AAPL
2024-09-18,217.55,222.71,217.54,220.69,59894928,AAPL
2024-09-19,224.99,229.82,224.63,228.87,66781315,AAPL
2024-09-20,229.97,233.09,227.62,228.2,318679888,AAPL
2024-09-23,227.34,229.45,225.81,226.47,54146023,AAPL
2024-09-24,228.645,229.35,225.73,227.37,43556068,AAPL
2024-09-25,224.93,227.29,224.02,226.37,42308715,AAPL
2024-09-26,227.3,228.5,225.41,227.52,36636707,AAPL
2024-09-27,228.46,229.52,227.3,227.79,34025967,AAPL
2024-09-30,230.04,233.0,229.65,233.0,54793391,AAPL
2024-10-01,229.52,229.65,223.74,226.21,63285048,AAPL
2024-10-02,225.89,227.37,223.02,226.78,32880605,AAPL
2024-10-03,225.14,226.805,223.32,225.67,34044158,AAPL
2024-10-04,227.9,228.0,224.13,226.8,37345098,AAPL
2024-05-14,412.02,417.49,411.55,416.56,15109306,MSFT
2024-05-15,417.9,423.81,417.27,423.08,22239533,MSFT
2024-05-16,421.8,425.42,420.35,420.99,17530050,MSFT
2024-05-17,422.54,422.92,418.025,420.21,15352239,MSFT
2024-05-20,420.21,426.77,419.99,425.34,16272137,MSFT
2024-05-21,426.825,432.97,424.85,429.04,21453255,MSFT
2024-05-22,430.09,432.41,427.13,430.52,18073698,MSFT
2024-05-23,432.97,433.6,425.424,427.0,17211689,MSFT
2024-05-24,427.19,431.055,424.41,430.16,11855285,MSFT
2024-05-28,429.63,430.82,426.6,430.32,15718024,MSFT
2024-05-29,425.69,430.94,425.69,429.17,15517130,MSFT
2024-05-30,424.3,424.3,414.24,414.67,28424847,MSFT
2024-05-31,416.75,416.75,404.51,415.13,47995250,MSFT
2024-06-03,415.525,416.43,408.9234,413.52,17484675,MSFT
2024-06-04,412.43,416.44,409.675,416.07,14348917,MSFT
2024-06-05,417.81,424.08,416.3,424.01,16988038,MSFT
2024-06-06,424.01,425.31,420.58,424.52,14861251,MSFT
2024-06-07,426.2,426.28,423.0,423.85,13621650,MSFT
2024-06-10,424.7,428.08,423.89,427.87,14003034,MSFT
2024-06-11,425.475,432.82,425.25,432.68,14551101,MSFT
2024-06-12,435.32,443.4,433.25,441.06,22366233,MSFT
2024-06-13,440.85,443.39,439.37,441.58,15960565,MSFT
2024-06-14,438.275,443.1376,436.721,442.57,13581985,MSFT
2024-06-17,442.585,450.94,440.72,448.37,20790030,MSFT
2024-06-18,449.705,450.14,444.89,446.34,17112504,MSFT
2024-06-20,446.3,446.53,441.27,445.7,19877378,MSFT
2024-06-21,447.38,450.58,446.51,449.78,34486172,MSFT
2024-06-24,449.8,452.75,446.41,447.67,15913719,MSFT
2024-06-25,448.25,451.42,446.75,450.95,16747529,MSFT
2024-06-26,449.0,453.6,448.19,452.16,16507030,MSFT
2024-06-27,452.175,456.17,451.77,452.85,14806324,MSFT
2024-06-28,453.07,455.38,446.41,446.95,28362271,MSFT
2024-07-01,448.66,457.37,445.66,456.73,17662818,MSFT
2024-07-02,453.2,459.59,453.113,459.28,13979779,MSFT
2024-07-03,458.19,461.02,457.88,460.77,9932830,MSFT
2024-07-05,459.61,468.35,458.965,467.56,16000290,MSFT
2024-07-08,466.55,467.7,464.46,466.24,12962321,MSFT
2024-07-09,467.0,467.33,458.0,459.54,17228507,MSFT
2024-07-10,461.22,466.46,458.855,466.25,18196100,MSFT
2024-07-11,462.98,464.78,451.55,454.7,23111175,MSFT
2024-07-12,454.325,456.36,450.645,453.55,16324274,MSFT
2024-07-15,453.3,457.26,451.43,453.96,14429447,MSFT
2024-07-16,454.22,454.3,446.66,449.52,17175679,MSFT
2024-07-17,442.59,444.85,439.18,443.52,21754021,MSFT
2024-07-18,444.34,444.65,434.4,440.37,20794822,MSFT
2024-07-19,433.1,441.14,432.0,437.11,20940417,MSFT
2024-07-22,441.79,444.6,438.9125,442.94,15808755,MSFT
2024-07-23,443.895,448.39,443.1,444.85,13107050,MSFT
2024-07-24,440.45,441.48,427.585,428.9,26805800,MSFT
2024-07-25,428.8,429.8,417.51,418.4,29943795,MSFT
2024-07-26,418.2,428.915,417.27,425.27,23583839,MSFT
2024-07-29,431.58,432.15,424.7042,426.73,15125836,MSFT
2024-07-30,427.72,429.05,417.36,422.92,32687578,MSFT
2024-07-31,420.495,421.775,412.21,418.35,42891366,MSFT
2024-08-01,420.785,427.46,413.0901,417.11,30296400,MSFT
2024-08-02,412.49,415.0,404.34,408.49,29437900,MSFT
2024-08-05,389.17,401.04,385.58,395.15,40709238,MSFT
2024-08-06,400.0,405.67,398.5,399.61,24946525,MSFT
2024-08-07,408.635,410.08,397.47,398.43,20650906,MSFT
2024-08-08,402.44,405.86,399.9407,402.69,20203030,MSFT
2024-08-09,404.03,408.05,402.2624,406.02,19276666,MSFT
2024-08-12,407.06,408.76,404.2434,406.81,16762883,MSFT
2024-08-13,409.59,414.95,409.57,414.01,19414271,MSFT
2024-08-14,414.8,417.72,412.4456,416.86,18266980,MSFT
2024-08-15,419.8,421.11,417.66,421.03,20752144,MSFT
2024-08-16,420.6,421.34,417.3,418.47,22775593,MSFT
2024-08-19,418.96,421.75,416.46,421.53,15233957,MSFT
2024-08-20,421.7,425.86,421.64,424.8,16387581,MSFT
2024-08-21,424.075,426.4,421.72,424.14,16067298,MSFT
2024-08-22,424.36,426.7899,414.61,415.55,19361901,MSFT
2024-08-23,416.98,419.26,412.09,416.79,18493784,MSFT
2024-08-26,416.365,417.2799,411.34,413.49,13152830,MSFT
2024-08-27,412.86,414.36,410.25,413.84,13492911,MSFT
2024-08-28,414.88,415.0,407.31,410.6,14882660,MSFT
2024-08-29,414.94,422.05,410.6,413.12,17045241,MSFT
2024-08-30,415.6,417.49,412.13,417.14,24308324,MSFT
2024-09-03,417.91,419.88,407.03,409.44,20313603,MSFT
2024-09-04,405.91,411.24,404.37,408.9,14886710,MSFT
2024-09-05,407.62,413.1,406.13,408.39,14195516,MSFT
2024-09-06,409.06,410.65,400.8,401.7,19609526,MSFT
2024-09-09,407.24,408.65,402.15,405.72,15295134,MSFT
2024-09-10,408.2,416.33,407.7,414.2,19594287,MSFT
2024-09-11,415.5,423.99,409.58,423.04,19266923,MSFT
2024-09-12,423.31,427.3692,419.75,427.0,17418759,MSFT
2024-09-13,425.825,431.83,425.46,430.59,15874555,MSFT
2024-09-16,430.6,433.53,428.22,431.34,13834697,MSFT
2024-09-17,440.23,441.85,432.27,435.15,18874231,MSFT
2024-09-18,435.0,436.03,430.41,430.81,18898042,MSFT
2024-09-19,441.225,441.5,436.9,438.69,21706559,MSFT
2024-09-20,437.22,439.24,434.22,435.27,55167106,MSFT
2024-09-23,434.28,436.46,430.3889,433.51,15128891,MSFT
2024-09-24,433.0,433.35,426.1,429.17,17015754,MSFT
2024-09-25,429.83,433.119,428.57,432.11,13396364,MSFT
2024-09-26,435.085,435.3,429.13,431.31,14492044,MSFT
2024-09-27,431.52,431.85,427.47,428.02,14896131,MSFT
2024-09-30,428.21,430.42,425.37,430.3,16854606,MSFT
2024-10-01,428.45,428.48,418.81,420.69,19092945,MSFT
2024-10-02,422.58,422.82,416.71,417.13,16582257,MSFT
2024-10-03,417.63,419.55,414.29,416.54,13686421,MSFT
2024-10-04,418.24,419.75,414.97,416.06,19190913,MSFT
2024-05-14,463.37,472.54,460.08,471.85,10478553,META
2024-05-15,474.98,482.4999,471.2,481.54,13100470,META
2024-05-16,475.0,477.69,472.75,473.23,16608179,META
2024-05-17,470.83,472.8,468.42,471.91,10807289,META
2024-05-20,469.95,473.2,467.04,468.84,11745080,META
2024-05-21,467.12,470.7,462.27,464.63,11742189,META
2024-05-22,467.87,473.7199,465.65,467.78,10078611,META
2024-05-23,472.88,474.3581,461.54,465.78,11747913,META
2024-05-24,467.62,479.8499,466.3,478.22,12024254,META
2024-05-28,476.575,480.86,474.84,479.92,10175770,META
2024-05-29,474.66,479.85,473.7,474.36,9226218,META
2024-05-30,471.67,471.73,464.71,467.05,10735226,META
2024-05-31,465.8,469.12,454.4601,466.83,16919805,META
2024-06-03,470.86,479.6,468.24,477.49,11279390,META
2024-06-04,477.0,478.89,473.2322,476.99,7088718,META
2024-06-05,484.45,496.65,483.91,495.06,15690484,META
2024-06-06,492.98,502.82,490.89,493.76,10667339,META
2024-06-07,495.91,498.91,490.1701,492.96,9380745,META
2024-06-10,493.86,502.66,493.41,502.6,11236919,META
2024-06-11,500.16,507.6,498.27,507.47,9673715,META
2024-06-12,513.99,514.01,504.47,508.84,11983227,META
2024-06-13,505.71,509.36,501.36,504.1,9954621,META
2024-06-14,502.65,507.15,500.75,504.16,10243347,META
2024-06-17,501.67,510.75,496.01,506.63,11266601,META
2024-06-18,504.56,506.0,495.02,499.49,13060425,META
2024-06-20,502.0,503.67,496.77,501.7,11801182,META
2024-06-21,503.45,503.45,492.39,494.78,23130732,META
2024-06-24,499.2,507.8,494.29,498.91,13525278,META
2024-06-25,497.05,510.71,495.5,510.6,12109769,META
2024-06-26,506.645,513.81,504.6765,513.12,8882337,META
2024-06-27,514.25,522.8799,513.9,519.56,10121199,META
2024-06-28,517.15,521.88,503.84,504.22,15855137,META
2024-07-01,504.95,506.58,493.17,504.68,10328150,META
2024-07-02,500.76,510.5,499.45,509.5,7739479,META
2024-07-03,506.37,511.28,506.02,509.96,6005615,META
2024-07-05,511.6,540.87,511.6,539.91,21354093,META
2024-07-08,542.35,542.81,526.65,529.32,14917495,META
2024-07-09,533.75,537.48,528.1901,530.0,8769088,META
2024-07-10,530.79,538.88,528.36,534.69,10983276,META
2024-07-11,530.89,535.46,508.3733,512.7,16458253,META
2024-07-12,497.755,508.09,494.23,498.87,19750544,META
2024-07-15,498.63,506.6799,493.37,496.16,12539163,META
2024-07-16,501.5,503.9499,485.79,489.79,14075833,META
2024-07-17,479.17,479.17,459.12,461.99,28076595,META
2024-07-18,475.0,479.2393,464.54,475.85,19267160,META
2024-07-19,476.06,486.71,475.71,476.79,15149416,META
2024-07-22,486.575,492.06,483.9,487.4,12023088,META
2024-07-23,489.84,495.22,487.72,488.69,9455527,META
2024-07-24,472.305,476.3,460.58,461.27,17649738,META
2024-07-25,463.26,463.548,442.65,453.41,18240489,META
2024-07-26,464.195,469.77,459.42,465.7,14222388,META
2024-07-29,469.88,473.96,465.02,465.71,11339630,META
2024-07-30,467.0,472.73,456.7,463.19,11390439,META
2024-07-31,471.02,476.5,466.75,474.83,24285777,META
2024-08-01,521.0,527.1709,492.1,497.74,43083082,META
2024-08-02,489.0,501.145,476.15,488.14,24044658,META
2024-08-05,451.345,483.48,450.8,475.73,21396191,META
2024-08-06,479.0,502.56,478.65,494.09,20954959,META
2024-08-07,503.13,510.15,486.86,488.92,20105307,META
2024-08-08,497.5,509.96,494.72,509.63,16156843,META
2024-08-09,507.71,518.34,505.7,517.77,13696640,META
2024-08-12,516.86,518.02,509.1,515.95,9767422,META
2024-08-13,520.01,531.4999,518.15,528.54,13743839,META
2024-08-14,528.06,534.0,523.13,526.76,11444189,META
2024-08-15,531.79,539.77,526.7,537.33,13482141,META
2024-08-16,531.9,533.66,524.66,527.42,14776684,META
2024-08-19,526.87,531.66,522.76,529.28,9879713,META
2024-08-20,528.35,531.09,525.88,526.73,7944391,META
2024-08-21,527.15,539.4,526.935,535.16,13423292,META
2024-08-22,537.0,544.23,528.59,531.93,15708292,META
2024-08-23,536.92,539.87,525.06,528.0,11323936,META
2024-08-26,527.6,528.0,514.95,521.12,9584002,META
2024-08-27,518.98,524.01,515.31,519.1,6282720,META
2024-08-28,517.675,521.085,512.45,516.78,9106077,META
2024-08-29,519.05,527.2,515.6789,518.22,8317424,META
2024-08-30,521.35,523.54,515.2,521.31,9157541,META
2024-09-03,519.64,525.49,508.6176,511.76,12459113,META
2024-09-04,506.07,516.59,504.07,512.74,8255543,META
2024-09-05,511.72,521.6295,511.15,516.86,8640888,META
2024-09-06,521.88,524.5849,498.25,500.27,14744521,META
2024-09-09,506.16,511.33,502.08,504.79,11047828,META
2024-09-10,508.16,514.18,500.0278,504.79,9899022,META
2024-09-11,507.01,513.12,495.6,511.83,10782532,META
2024-09-12,517.05,526.71,515.22,525.6,11993342,META
2024-09-13,520.34,527.581,517.11,524.62,10321422,META
2024-09-16,524.54,534.1,517.4,533.28,9527646,META
2024-09-17,537.6,542.1,530.57,536.315,11690779,META
2024-09-18,537.065,544.2,533.9026,537.95,10323537,META
2024-09-19,550.0,562.07,546.52,559.1,15646951,META
2024-09-20,560.0,564.5,556.3001,561.35,22066817,META
2024-09-23,569.5,573.9799,562.41,564.41,12830669,META
2024-09-24,566.68,567.745,554.19,563.33,12992956,META
2024-09-25,564.05,576.88,563.72,568.31,16543350,META
2024-09-26,575.73,577.4,562.3501,567.84,14400787,META
2024-09-27,570.1,570.8399,564.51,567.36,9398367,META
2024-09-30,567.7,574.68,564.8,572.44,12807206,META
2024-10-01,577.98,583.04,570.1,576.47,15259274,META
2024-10-02,574.86,576.0,569.34,572.81,6524650,META
2024-10-03,570.15,583.36,568.73,582.77,11580980,META
2024-10-04,583.73,596.85,581.43,595.94,14199788,META
2024-05-14,169.77,171.25,168.8,170.34,25127138,GOOGL
2024-05-15,170.63,172.65,170.51,172.51,26948370,GOOGL
2024-05-16,173.29,175.115,172.69,174.18,27867947,GOOGL
2024-05-17,174.18,176.265,173.69,176.06,24479262,GOOGL
2024-05-20,176.192,178.77,176.08,176.92,22554400,GOOGL
2024-05-21,176.9,178.15,175.81,177.85,16989369,GOOGL
2024-05-22,176.644,177.15,175.21,176.38,17880042,GOOGL
2024-05-23,177.07,178.25,172.95,173.55,21024935,GOOGL
2024-05-24,174.98,175.77,173.65,174.99,16579438,GOOGL
2024-05-28,174.45,177.27,174.365,176.4,20572157,GOOGL
2024-05-29,175.43,176.836,174.72,175.9,23388693,GOOGL
2024-05-30,175.2,175.22,171.79,172.11,22958677,GOOGL
2024-05-31,171.86,173.06,169.44,172.5,37638876,GOOGL
2024-06-03,172.54,174.525,171.16,173.17,27459118,GOOGL
2024-06-04,173.28,173.845,171.89,173.79,26879596,GOOGL
2024-06-05,175.2,176.645,173.9339,175.41,22068519,GOOGL
2024-06-06,175.895,177.15,175.75,176.73,23251013,GOOGL
2024-06-07,177.05,177.87,174.3,174.46,19661399,GOOGL
2024-06-10,174.97,177.06,172.76,175.01,23779218,GOOGL
2024-06-11,176.22,176.84,173.7701,176.62,21540582,GOOGL
2024-06-12,178.25,180.41,176.11,177.79,27864737,GOOGL
2024-06-13,176.11,176.74,174.88,175.16,20913299,GOOGL
2024-06-14,174.22,177.0623,174.15,176.79,18063555,GOOGL
2024-06-17,175.46,178.36,174.81,177.24,19618497,GOOGL
2024-06-18,177.14,177.385,174.1042,175.09,21869857,GOOGL
2024-06-20,175.37,177.29,174.99,176.3,20160085,GOOGL
2024-06-21,177.0,180.85,176.61,179.63,58582743,GOOGL
2024-06-24,180.16,180.89,178.67,179.22,18298012,GOOGL
2024-06-25,179.62,184.29,179.42,184.03,23235589,GOOGL
2024-06-26,182.63,184.51,182.48,183.88,19838972,GOOGL
2024-06-27,184.18,186.05,184.02,185.41,18848884,GOOGL
2024-06-28,184.32,185.13,181.96,182.15,29156644,GOOGL
2024-07-01,183.03,183.88,181.3,182.99,16006128,GOOGL
2024-07-02,182.05,185.57,181.56,185.24,17372485,GOOGL
2024-07-03,184.85,186.09,184.0,185.82,10242126,GOOGL
2024-07-05,185.855,190.86,185.8,190.6,20967450,GOOGL
2024-07-08,189.895,190.17,187.78,189.03,21035886,GOOGL
2024-07-09,190.31,191.36,188.72,188.98,15141312,GOOGL
2024-07-10,189.15,191.75,189.03,191.18,15952454,GOOGL
2024-07-11,189.845,190.86,185.08,185.57,25625784,GOOGL
2024-07-12,185.08,187.11,184.49,185.07,22898406,GOOGL
2024-07-15,184.92,188.24,184.92,186.53,16474043,GOOGL
2024-07-16,187.36,188.68,183.3736,183.92,18290722,GOOGL
2024-07-17,182.965,183.55,179.9,181.02,20734071,GOOGL
2024-07-18,181.93,182.5,176.47,177.69,25315727,GOOGL
2024-07-19,178.88,180.29,177.13,177.66,18881885,GOOGL
2024-07-22,180.59,182.7,180.23,181.67,24100345,GOOGL
2024-07-23,182.05,183.61,181.54,181.79,36352714,GOOGL
2024-07-24,173.6,176.19,171.82,172.63,49585203,GOOGL
2024-07-25,172.52,173.42,167.19,167.28,44851973,GOOGL
2024-07-26,167.15,168.09,164.06,167.0,41336886,GOOGL
2024-07-29,168.83,170.43,167.99,169.53,20293822,GOOGL
2024-07-30,170.24,171.2299,168.44,170.29,18959686,GOOGL
2024-07-31,173.24,174.245,170.01,171.54,25729090,GOOGL
2024-08-01,170.25,174.05,168.88,170.76,24531392,GOOGL
2024-08-02,166.44,168.51,164.67,166.66,29130102,GOOGL
2024-08-05,155.5,164.43,154.93,159.25,53630673,GOOGL
2024-08-06,159.33,160.57,156.41,158.29,49004561,GOOGL
2024-08-07,161.25,162.98,158.47,158.94,25138573,GOOGL
2024-08-08,160.51,163.69,160.21,162.03,25578839,GOOGL
2024-08-09,160.01,163.79,159.06,163.67,28602285,GOOGL
2024-08-12,164.35,164.9,161.84,162.29,15895286,GOOGL
2024-08-13,163.41,164.73,162.97,164.16,18551690,GOOGL
2024-08-14,162.4,163.22,157.71,160.37,40591126,GOOGL
2024-08-15,160.5,161.635,159.61,161.3,31524252,GOOGL
2024-08-16,161.47,165.06,161.13,162.96,24208647,GOOGL
2024-08-19,165.28,166.69,164.26,166.67,22416185,GOOGL
2024-08-20,166.9,168.64,166.82,167.18,18341533,GOOGL
2024-08-21,165.15,166.85,164.67,165.85,22901997,GOOGL
2024-08-22,167.26,167.59,163.31,163.8,22493275,GOOGL
2024-08-23,164.72,166.18,163.83,165.62,13955741,GOOGL
2024-08-26,166.38,167.55,164.455,166.16,14190417,GOOGL
2024-08-27,165.835,166.4426,164.46,164.68,11821941,GOOGL
2024-08-28,165.035,165.6,161.5284,162.85,16407444,GOOGL
2024-08-29,164.31,165.97,160.25,161.78,19699767,GOOGL
2024-08-30,162.615,163.66,161.6925,163.38,22123811,GOOGL
2024-09-03,161.72,161.85,156.48,157.36,38945301,GOOGL
2024-09-04,156.655,159.0,155.9616,156.45,19197458,GOOGL
2024-09-05,156.3,159.45,155.9805,157.24,18688747,GOOGL
2024-09-06,157.3,157.83,150.55,150.92,37912130,GOOGL
2024-09-09,152.51,153.4,147.215,148.71,39260451,GOOGL
2024-09-10,150.45,151.27,148.34,148.66,31118765,GOOGL
2024-09-11,149.92,151.5,147.52,151.16,29607693,GOOGL
2024-09-12,153.8,154.82,152.65,154.69,29695048,GOOGL
2024-09-13,155.43,158.38,155.21,157.46,29591152,GOOGL
2024-09-16,157.31,158.25,156.6,158.06,18379775,GOOGL
2024-09-17,159.02,160.55,158.375,159.32,20715612,GOOGL
2024-09-18,159.86,160.5,158.595,159.81,23677315,GOOGL
2024-09-19,163.71,163.79,161.34,162.14,26587733,GOOGL
2024-09-20,163.5,163.73,162.06,163.59,40896438,GOOGL
2024-09-23,164.35,165.49,161.67,161.85,24150852,GOOGL
2024-09-24,163.03,163.2158,160.69,162.29,23332147,GOOGL
2024-09-25,161.47,162.81,161.3,161.49,18869199,GOOGL
2024-09-26,163.64,164.08,162.28,162.73,20319336,GOOGL
2024-09-27,162.81,165.7,162.6261,163.95,21101307,GOOGL
2024-09-30,163.32,166.15,163.26,165.85,20481303,GOOGL
2024-10-01,167.685,169.16,164.58,166.99,28338123,GOOGL
2024-10-02,166.42,167.52,164.73,165.86,17760179,GOOGL
2024-10-03,164.41,166.64,163.923,165.86,15073101,GOOGL
2024-10-04,168.06,168.23,165.48,167.06,19093724,GOOGL
2024-05-14,183.82,187.72,183.45,187.07,38698155,AMZN
2024-05-15,185.97,186.7193,182.73,185.99,75459927,AMZN
2024-05-16,185.6,187.31,183.46,183.63,38834450,AMZN
2024-05-17,183.76,185.3,183.35,184.7,33175655,AMZN
2024-05-20,184.34,186.665,183.28,183.54,30511768,AMZN
2024-05-21,182.3,183.26,180.75,183.15,50839129,AMZN
2024-05-22,183.88,185.22,181.9715,183.13,28148784,AMZN
2024-05-23,183.66,184.76,180.08,181.05,33670173,AMZN
2024-05-24,181.65,182.435,180.3,180.75,27471640,AMZN
2024-05-28,179.93,182.24,179.49,182.15,29926963,AMZN
2024-05-29,181.7,184.08,181.55,182.02,32009294,AMZN
2024-05-30,181.31,181.34,178.355,179.32,29249229,AMZN
2024-05-31,178.3,179.21,173.87,176.44,58903939,AMZN
2024-06-03,177.7,178.7,175.92,178.34,30786640,AMZN
2024-06-04,177.64,179.82,176.44,179.34,27198388,AMZN
2024-06-05,180.1,181.5,178.75,181.28,32116394,AMZN
2024-06-06,181.745,185.0,181.49,185.0,31371151,AMZN
2024-06-07,184.9,186.2888,183.36,184.3,28021473,AMZN
2024-06-10,184.07,187.23,183.79,187.06,34494498,AMZN
2024-06-11,187.06,187.77,184.5373,187.23,27265108,AMZN
2024-06-12,188.015,188.35,185.43,186.89,33984216,AMZN
2024-06-13,186.09,187.67,182.666,183.83,39721545,AMZN
2024-06-14,183.08,183.72,182.23,183.66,25456410,AMZN
2024-06-17,182.52,185.0,181.22,184.06,35601907,AMZN
2024-06-18,183.735,184.29,181.43,182.81,36659157,AMZN
2024-06-20,182.91,186.51,182.72,186.1,44726779,AMZN
2024-06-21,187.8,189.275,185.86,189.08,72931754,AMZN
2024-06-24,189.33,191.0,185.33,185.57,50610379,AMZN
2024-06-25,186.81,188.84,185.42,186.34,45898475,AMZN
2024-06-26,186.92,194.8,186.26,193.61,65103893,AMZN
2024-06-27,195.005,199.84,194.2,197.85,74397491,AMZN
2024-06-28,197.73,198.85,192.5,193.25,76930192,AMZN
2024-07-01,193.49,198.2957,192.82,197.2,41192011,AMZN
2024-07-02,197.28,200.43,195.93,200.0,45600013,AMZN
2024-07-03,199.94,200.029,196.7601,197.59,31597926,AMZN
2024-07-05,198.65,200.55,198.17,200.0,39858885,AMZN
2024-07-08,200.04,201.2,197.96,199.29,34767261,AMZN
2024-07-09,199.4,200.57,199.045,199.34,32756736,AMZN
2024-07-10,199.995,200.11,197.69,199.79,32883753,AMZN
2024-07-11,200.09,200.2699,192.86,195.05,44565041,AMZN
2024-07-12,194.8,196.47,193.8301,194.49,30598525,AMZN
2024-07-15,194.56,196.19,190.83,192.72,40683227,AMZN
2024-07-16,195.59,196.62,192.24,193.02,33994714,AMZN
2024-07-17,191.35,191.58,185.99,187.93,48076139,AMZN
2024-07-18,189.59,189.68,181.448,183.75,51043626,AMZN
2024-07-19,181.14,184.93,180.11,183.13,43081829,AMZN
2024-07-22,185.0,185.06,182.48,182.55,39931923,AMZN
2024-07-23,184.1,189.39,183.56,186.41,47537670,AMZN
2024-07-24,183.2,185.45,180.41,180.83,41532360,AMZN
2024-07-25,182.91,183.8958,176.8,179.85,44464163,AMZN
2024-07-26,180.39,183.19,180.24,182.5,29505964,AMZN
2024-07-29,183.84,184.75,182.38,183.2,33270123,AMZN
2024-07-30,184.72,185.86,179.38,181.71,39508574,AMZN
2024-07-31,185.05,187.94,184.46,186.98,41667326,AMZN
2024-08-01,189.285,190.6,181.87,184.07,70435635,AMZN
2024-08-02,166.75,168.77,160.55,167.9,141448365,AMZN
2024-08-05,154.21,162.96,151.61,161.02,83149437,AMZN
2024-08-06,161.71,165.08,158.5404,161.93,59950830,AMZN
2024-08-07,166.55,167.58,161.43,162.77,48408240,AMZN
2024-08-08,165.165,166.6899,162.55,165.8,44616206,AMZN
2024-08-09,166.4,168.55,165.85,166.94,36401049,AMZN
2024-08-12,168.14,168.55,166.1101,166.8,30072788,AMZN
2024-08-13,167.81,171.04,167.1,170.23,39237915,AMZN
2024-08-14,172.11,172.28,168.86,170.1,28843804,AMZN
2024-08-15,174.86,177.91,173.99,177.59,51698513,AMZN
2024-08-16,177.04,178.34,176.2601,177.06,31489175,AMZN
2024-08-19,177.64,178.3,176.16,178.22,31129807,AMZN
2024-08-20,177.92,179.01,177.4308,178.88,26255204,AMZN
2024-08-21,179.92,182.385,178.8937,180.11,35599120,AMZN
2024-08-22,181.38,181.47,175.68,176.13,32047482,AMZN
2024-08-23,177.34,178.9699,175.24,177.04,29150091,AMZN
2024-08-26,176.7,177.4682,174.3,175.5,22366236,AMZN
2024-08-27,174.15,174.89,172.25,173.12,29841979,AMZN
2024-08-28,173.69,173.69,168.92,170.8,29045025,AMZN
2024-08-29,173.22,174.29,170.81,172.12,26407815,AMZN
2024-08-30,172.78,178.9,172.6,178.5,43429355,AMZN
2024-09-03,177.55,178.26,175.26,176.25,37817511,AMZN
2024-09-04,174.48,175.98,172.54,173.33,29682478,AMZN
2024-09-05,175.0,179.875,174.995,177.89,40170526,AMZN
2024-09-06,177.24,178.38,171.16,171.39,41466537,AMZN
2024-09-09,174.53,175.85,173.51,175.4,29037362,AMZN
2024-09-10,177.49,180.5,176.79,179.55,36233796,AMZN
2024-09-11,180.095,184.99,175.73,184.52,42564698,AMZN
2024-09-12,184.8,187.41,183.54,187.0,33622483,AMZN
2024-09-13,187.0,188.5,185.91,186.49,26495351,AMZN
2024-09-16,185.29,185.81,183.36,184.89,26065485,AMZN
2024-09-17,186.85,189.45,186.14,186.88,26091682,AMZN
2024-09-18,186.45,188.8,185.06,186.43,34448130,AMZN
2024-09-19,190.04,190.99,188.47,189.87,39543168,AMZN
2024-09-20,190.23,191.84,187.41,191.6,100378553,AMZN
2024-09-23,191.64,194.45,190.57,193.88,36993111,AMZN
2024-09-24,194.27,195.37,190.13,193.96,43478926,AMZN
2024-09-25,193.75,193.9498,192.16,192.53,26391144,AMZN
2024-09-26,194.31,194.53,189.54,191.16,36334854,AMZN
2024-09-27,190.68,190.9,187.34,187.97,36002316,AMZN
2024-09-30,187.14,188.49,184.65,186.33,41680400,AMZN
2024-10-01,184.9,186.19,183.4519,185.13,36044906,AMZN
2024-10-02,184.44,186.6,184.04,184.76,23704056,AMZN
2024-10-03,183.045,183.44,180.875,181.96,30204302,AMZN
2024-10-04,185.75,187.6,183.6,186.51,41079011,AMZN
